model,fold,cost,recall,precision,auc,auc_pr,TP,FP,FN,TN,threshold,unweighted_threshold,repeat
gradient boosting,1,6030,0.96875,0.3051181102362205,0.9895358845338983,0.885642702438381,155,353,5,9087,0.0011160195572301745,2.234482966617571e-05,0
gradient boosting,2,7850,0.93125,0.3880208333333333,0.9862384136652542,0.849800479288609,149,235,11,9205,0.0027826763689517975,5.58057108271518e-05,0
gradient boosting,3,6090,0.95625,0.3713592233009709,0.9921682997881356,0.8832286425368271,153,259,7,9181,0.0016332382801920176,3.271713177843821e-05,0
gradient boosting,4,6910,0.94375,0.3852040816326531,0.9838420286016949,0.890484724831162,151,241,9,9199,0.0017717378214001656,3.5496388916875125e-05,0
gradient boosting,5,5890,0.96875,0.31376518218623484,0.9913539459745762,0.8816861216938225,155,339,5,9101,0.0011775139719247818,2.3577487002456538e-05,0
gradient boosting,1,4960,0.975,0.34513274336283184,0.9938784427966102,0.902342932410365,156,296,4,9144,0.0012334835482761264,2.469952809785023e-05,1
gradient boosting,2,9100,0.9125,0.4101123595505618,0.9815790519067796,0.8504899289336769,146,210,14,9230,0.0031640143133699894,6.347711190823585e-05,1
gradient boosting,3,8270,0.9375,0.31446540880503143,0.9813334216101695,0.8404321320025954,150,327,10,9113,0.0014816413167864084,2.967591601774784e-05,1
gradient boosting,4,4970,0.95625,0.51,0.9921219544491526,0.9023932459404117,153,147,7,9293,0.0067404769361019135,0.00013570596720523579,1
gradient boosting,5,8190,0.925,0.4032697547683924,0.9756375794491526,0.8311002738016248,148,219,12,9221,0.0020685852505266666,4.145574465764277e-05,1
gradient boosting,1,5030,0.975,0.33986928104575165,0.9952654925847457,0.9017467825372226,156,303,4,9137,0.0014752158895134926,2.9547034279638027e-05,2
gradient boosting,2,7350,0.9375,0.38961038961038963,0.9876079184322034,0.8821385018132032,150,235,10,9205,0.0027803550474345684,5.575903025186819e-05,2
gradient boosting,3,8170,0.925,0.4054794520547945,0.9768471927966103,0.8786665427023169,148,217,12,9223,0.0028158684726804495,5.64732101630171e-05,2
gradient boosting,4,4060,0.975,0.430939226519337,0.9952641684322034,0.8835323402029379,156,206,4,9234,0.002719946438446641,5.454431924325875e-05,2
gradient boosting,5,7950,0.9375,0.33707865168539325,0.9792405985169491,0.8502450097497014,150,295,10,9145,0.0019019634928554296,3.8110304576955426e-05,2
gradient boosting,1,7680,0.94375,0.32196162046908317,0.9866505561440677,0.8966723964813975,151,318,9,9122,0.001102008973248303,2.2064007904969215e-05,3
gradient boosting,2,7130,0.95,0.32688172043010755,0.9874251853813559,0.888679166173145,152,313,8,9127,0.0012003021547570825,2.4034314565911992e-05,3
gradient boosting,3,7500,0.9375,0.375,0.9891522113347458,0.8838102897515577,150,250,10,9190,0.002577332081273198,5.167716706159037e-05,3
gradient boosting,4,6060,0.95625,0.3740831295843521,0.9903065413135592,0.8461033555492835,153,256,7,9184,0.0017155869863927364,3.436952435839815e-05,3
gradient boosting,5,6300,0.9625,0.3181818181818182,0.9894676906779661,0.8891150461942855,154,330,6,9110,0.0012606477830559015,2.524414315475916e-05,3
gradient boosting,1,5890,0.9625,0.3476297968397291,0.9912182203389831,0.8860778289775567,154,289,6,9151,0.001328592887148261,2.6606499965439094e-05,4
gradient boosting,2,7290,0.95625,0.287593984962406,0.9873761917372882,0.8763853502067951,153,379,7,9061,0.0008954121149145067,1.792397065194988e-05,4
gradient boosting,3,6460,0.95,0.38190954773869346,0.9894769597457628,0.8893665506039874,152,246,8,9194,0.002462277188897133,4.936466227015115e-05,4
gradient boosting,4,6650,0.94375,0.412568306010929,0.993132282838983,0.9017972586166767,151,215,9,9225,0.003924428019672632,7.879158807107446e-05,4
gradient boosting,5,5690,0.95625,0.4112903225806452,0.9856097722457627,0.8620329235688147,153,219,7,9221,0.0029453153256326914,5.907682639718766e-05,4
gradient boosting,1,6800,0.94375,0.3963254593175853,0.9883322298728814,0.8829511824875105,151,230,9,9210,0.0025111446157097816,5.034679182790821e-05,5
gradient boosting,2,6010,0.95625,0.3787128712871287,0.990258871822034,0.8675064552850725,153,251,7,9189,0.0020471818279474974,4.102594437539364e-05,5
gradient boosting,3,5350,0.975,0.31771894093686354,0.992943591101695,0.8971369781195908,156,335,4,9105,0.0014054772909730673,2.8148316402554604e-05,5
gradient boosting,4,8110,0.93125,0.36341463414634145,0.9828350105932203,0.86047398153808,149,261,11,9179,0.0017527778400108218,3.51158761231276e-05,5
gradient boosting,5,6500,0.94375,0.4301994301994302,0.988532838983051,0.8876956094418783,151,200,9,9240,0.0027150281239300966,5.4445426926620586e-05,5
random forest,1,5870,0.975,0.287292817679558,0.9827684719279661,0.8506148990322857,156,387,4,9053,0.03666666666666667,0.0007606666205656594,0
random forest,2,6840,0.96875,0.2631578947368421,0.981525754766949,0.8283377240756671,155,434,5,9006,0.02666666666666667,0.000547645125958379,0
random forest,3,7750,0.95,0.2884250474383302,0.989891750529661,0.80373650577486,152,375,8,9065,0.02666666666666667,0.000547645125958379,0
random forest,4,7690,0.95,0.29174664107485604,0.9846060646186441,0.8486152694486755,152,369,8,9071,0.03,0.000618174325159695,0
random forest,5,6480,0.96875,0.28028933092224234,0.9904333289194915,0.8202821381534939,155,398,5,9042,0.03333333333333333,0.0006891798759476223,0
random forest,1,5560,0.96875,0.3362255965292842,0.9921335407838983,0.8517452243248622,155,306,5,9134,0.04666666666666667,0.0009780634343998884,1
random forest,2,8780,0.93125,0.31236897274633124,0.9790919623940676,0.7902649013053002,149,328,11,9112,0.03666666666666667,0.0007606666205656594,1
random forest,3,9710,0.91875,0.3141025641025641,0.9760553495762713,0.7902141377360996,147,321,13,9119,0.05,0.0010515247108307047,1
random forest,4,4510,0.975,0.3832923832923833,0.9929892743644068,0.8525624508062966,156,251,4,9189,0.056666666666666664,0.0011999717653702264,1
random forest,5,8890,0.925,0.33867276887871856,0.9789727886652543,0.785450052377924,148,289,12,9151,0.04,0.0008326394671107411,1
random forest,1,5760,0.98125,0.2692967409948542,0.9916290386652542,0.8302161610522177,157,426,3,9014,0.02666666666666667,0.000547645125958379,2
random forest,2,5340,0.975,0.3183673469387755,0.9885771980932203,0.8223927110903095,156,334,4,9106,0.03333333333333333,0.0006891798759476223,2
random forest,3,8210,0.94375,0.289272030651341,0.9764102224576271,0.8421564089458669,151,371,9,9069,0.03666666666666667,0.0007606666205656594,2
random forest,4,5810,0.9625,0.35402298850574715,0.9945478019067797,0.8416735890079843,154,281,6,9159,0.04666666666666667,0.0009780634343998884,2
random forest,5,8600,0.93125,0.32461873638344224,0.9731236758474575,0.7921364918636475,149,310,11,9130,0.05,0.0010515247108307047,2
random forest,1,7050,0.94375,0.37192118226600984,0.9811116260593221,0.8355192684600964,151,255,9,9185,0.05333333333333334,0.0011254924029262803,3
random forest,2,8620,0.93125,0.3232104121475054,0.9871123543432204,0.8316213066057165,149,312,11,9128,0.04,0.0008326394671107411,3
random forest,3,7360,0.9625,0.26101694915254237,0.9865029131355932,0.8192166684564132,154,436,6,9004,0.02666666666666667,0.000547645125958379,3
random forest,4,7600,0.94375,0.3275488069414317,0.9840989141949152,0.7940608851349559,151,310,9,9130,0.04666666666666667,0.0009780634343998884,3
random forest,5,6390,0.95625,0.34615384615384615,0.985259533898305,0.8319597359185531,153,289,7,9151,0.05,0.0010515247108307047,3
random forest,1,6280,0.96875,0.29080675422138835,0.9909514036016949,0.8270857107706401,155,378,5,9062,0.03,0.000618174325159695,4
random forest,2,9320,0.91875,0.34265734265734266,0.9769362420550848,0.8090663669765392,147,282,13,9158,0.056666666666666664,0.0011999717653702264,4
random forest,3,7350,0.95,0.31211498973305957,0.9841138109110169,0.8237941375611599,152,335,8,9105,0.03666666666666667,0.0007606666205656594,4
random forest,4,6050,0.9625,0.3355119825708061,0.9900132415254237,0.829985543239881,154,305,6,9135,0.043333333333333335,0.0009051033906565481,4
random forest,5,6380,0.975,0.26262626262626265,0.9825340969279661,0.8355632715148973,156,438,4,9002,0.02666666666666667,0.000547645125958379,4
random forest,1,5880,0.96875,0.3144016227180527,0.9843289856991524,0.8289111498293316,155,338,5,9102,0.03333333333333333,0.0006891798759476223,5
random forest,2,7520,0.94375,0.3333333333333333,0.9838738082627119,0.8148604697253186,151,302,9,9138,0.043333333333333335,0.0009051033906565481,5
random forest,3,6130,0.975,0.2741652021089631,0.9882991260593222,0.833624197123166,156,413,4,9027,0.03333333333333333,0.0006891798759476223,5
random forest,4,8160,0.9375,0.3218884120171674,0.9798778469279661,0.8080437822305845,150,316,10,9124,0.04,0.0008326394671107411,5
random forest,5,6240,0.95625,0.3583138173302108,0.9848765227754237,0.8323576421112949,153,274,7,9166,0.04666666666666667,0.0009780634343998884,5
